category,cmpl_fc1,cmpl_fc1_cd,cmpl_fc2,synonym,lemma
Mattresses,odor,CF017,mildew,mildewy,mildewy
Mattress Toppers,odor,CF017,mildew,mildewy,mildewy
Mattresses,odor,CF017,mildew,mouldy,mouldy
Mattress Toppers,odor,CF017,mildew,mouldy,mouldy
Mattresses,odor,CF017,mildew,molds,molds
Mattress Toppers,odor,CF017,mildew,molds,molds
Mattresses,odor,CF017,mildew,mildewed,mildewed
Mattress Toppers,odor,CF017,mildew,mildewed,mildewed
Mattresses,odor,CF017,mildew,mold,mold
Mattress Toppers,odor,CF017,mildew,mold,mold
Mattresses,odor,CF017,mildew,must,must
Mattress Toppers,odor,CF017,mildew,must,must
Mattresses,odor,CF017,mildew,mould,mould
Mattress Toppers,odor,CF017,mildew,mould,mould
Mattresses,odor,CF017,mildew,moldy,moldy
Mattress Toppers,odor,CF017,mildew,moldy,moldy
Mattresses,odor,CF017,mildew,moth,moth
Mattress Toppers,odor,CF017,mildew,moth,moth
All,others,CF999,light,so lightweight,so lightweight
All,others,CF999,light,too light,too light
All,others,CF999,light,very light,very light
All,others,CF999,light,so light,so light
All,others,CF999,light,extremely light,extremely light
Beds,size issue,CF008,short,very short,very short
Bed Frames,size issue,CF008,short,very short,very short
Mattresses,size issue,CF008,short,very short,very short
Box Springs,size issue,CF008,short,very short,very short
Sofas & Couches,size issue,CF008,short,very short,very short
Mattress Toppers,size issue,CF008,short,very short,very short
Beds,size issue,CF008,short,so shorter,so shorter
Bed Frames,size issue,CF008,short,so shorter,so shorter
Mattresses,size issue,CF008,short,so shorter,so shorter
Box Springs,size issue,CF008,short,so shorter,so shorter
Sofas & Couches,size issue,CF008,short,so shorter,so shorter
Mattress Toppers,size issue,CF008,short,so shorter,so shorter
Beds,size issue,CF008,short,so short,so short
Bed Frames,size issue,CF008,short,so short,so short
Mattresses,size issue,CF008,short,so short,so short
Box Springs,size issue,CF008,short,so short,so short
Sofas & Couches,size issue,CF008,short,so short,so short
Mattress Toppers,size issue,CF008,short,so short,so short
Beds,size issue,CF008,short,too short,too short
Bed Frames,size issue,CF008,short,too short,too short
Mattresses,size issue,CF008,short,too short,too short
Box Springs,size issue,CF008,short,too short,too short
Sofas & Couches,size issue,CF008,short,too short,too short
Mattress Toppers,size issue,CF008,short,too short,too short
[NULL],hard to set up,CF010,hard to assemble,so difficult,so difficult
[NULL],hard to set up,CF010,hard to assemble,not an easy assembly,not an easy assembly
[NULL],hard to set up,CF010,hard to assemble,so compliacted,so compliacted
[NULL],hard to set up,CF010,hard to assemble,very complicated,very complicated
[NULL],hard to set up,CF010,hard to assemble,time consuming assembly,time consume assembly
[NULL],hard to set up,CF010,hard to assemble,difficult to assemble,difficult to assemble
[NULL],hard to set up,CF010,hard to assemble,assembly required,assembly required
[NULL],hard to set up,CF010,hard to assemble,too compliacted,too compliacted
[NULL],hard to set up,CF010,hard to assemble,very difficult,very difficult
[NULL],hard to set up,CF010,hard to assemble,unable to assemble,unable to assemble
[NULL],hard to set up,CF010,hard to assemble,too difficult,too difficult
[NULL],hard to set up,CF010,hard to assemble,hard to install,hard to install
[NULL],hard to set up,CF010,hard to assemble,none,none
Beds,durability,CF001,sinking,sink,sink
Bed Frames,durability,CF001,sinking,sink,sink
Mattresses,durability,CF001,sinking,sink,sink
Box Springs,durability,CF001,sinking,sink,sink
Sofas & Couches,durability,CF001,sinking,sink,sink
Mattress Toppers,durability,CF001,sinking,sink,sink
Beds,durability,CF001,sinking,hole in the middle,hole in the middle
Bed Frames,durability,CF001,sinking,hole in the middle,hole in the middle
Mattresses,durability,CF001,sinking,hole in the middle,hole in the middle
Box Springs,durability,CF001,sinking,hole in the middle,hole in the middle
Sofas & Couches,durability,CF001,sinking,hole in the middle,hole in the middle
Mattress Toppers,durability,CF001,sinking,hole in the middle,hole in the middle
Beds,durability,CF001,sinking,sinkage,sinkage
Bed Frames,durability,CF001,sinking,sinkage,sinkage
Mattresses,durability,CF001,sinking,sinkage,sinkage
Box Springs,durability,CF001,sinking,sinkage,sinkage
Sofas & Couches,durability,CF001,sinking,sinkage,sinkage
Mattress Toppers,durability,CF001,sinking,sinkage,sinkage
Beds,durability,CF001,sinking,settle,settle
Bed Frames,durability,CF001,sinking,settle,settle
Mattresses,durability,CF001,sinking,settle,settle
Box Springs,durability,CF001,sinking,settle,settle
Sofas & Couches,durability,CF001,sinking,settle,settle
Mattress Toppers,durability,CF001,sinking,settle,settle
Beds,durability,CF001,sinking,dip,dip
Bed Frames,durability,CF001,sinking,dip,dip
Mattresses,durability,CF001,sinking,dip,dip
Box Springs,durability,CF001,sinking,dip,dip
Sofas & Couches,durability,CF001,sinking,dip,dip
Mattress Toppers,durability,CF001,sinking,dip,dip
Beds,durability,CF001,sinking,sank,sank
Bed Frames,durability,CF001,sinking,sank,sank
Mattresses,durability,CF001,sinking,sank,sank
Box Springs,durability,CF001,sinking,sank,sank
Sofas & Couches,durability,CF001,sinking,sank,sank
Mattress Toppers,durability,CF001,sinking,sank,sank
Beds,durability,CF001,sinking,drop,drop
Bed Frames,durability,CF001,sinking,drop,drop
Mattresses,durability,CF001,sinking,drop,drop
Box Springs,durability,CF001,sinking,drop,drop
Sofas & Couches,durability,CF001,sinking,drop,drop
Mattress Toppers,durability,CF001,sinking,drop,drop
Beds,durability,CF001,sinking,falls apart,falls apart
Bed Frames,durability,CF001,sinking,falls apart,falls apart
Mattresses,durability,CF001,sinking,falls apart,falls apart
Box Springs,durability,CF001,sinking,falls apart,falls apart
Sofas & Couches,durability,CF001,sinking,falls apart,falls apart
Mattress Toppers,durability,CF001,sinking,falls apart,falls apart
Beds,durability,CF001,sinking,go under,go under
Bed Frames,durability,CF001,sinking,go under,go under
Mattresses,durability,CF001,sinking,go under,go under
Box Springs,durability,CF001,sinking,go under,go under
Sofas & Couches,durability,CF001,sinking,go under,go under
Mattress Toppers,durability,CF001,sinking,go under,go under
Beds,durability,CF001,sinking,sunked,sunked
Bed Frames,durability,CF001,sinking,sunked,sunked
Mattresses,durability,CF001,sinking,sunked,sunked
Box Springs,durability,CF001,sinking,sunked,sunked
Sofas & Couches,durability,CF001,sinking,sunked,sunked
Mattress Toppers,durability,CF001,sinking,sunked,sunked
Beds,durability,CF001,sinking,started to break down,started to break down
Bed Frames,durability,CF001,sinking,started to break down,started to break down
Mattresses,durability,CF001,sinking,started to break down,started to break down
Box Springs,durability,CF001,sinking,started to break down,started to break down
Sofas & Couches,durability,CF001,sinking,started to break down,started to break down
Mattress Toppers,durability,CF001,sinking,started to break down,started to break down
Beds,durability,CF001,sinking,so sinks,so sinks
Bed Frames,durability,CF001,sinking,so sinks,so sinks
Mattresses,durability,CF001,sinking,so sinks,so sinks
Box Springs,durability,CF001,sinking,so sinks,so sinks
Sofas & Couches,durability,CF001,sinking,so sinks,so sinks
Mattress Toppers,durability,CF001,sinking,so sinks,so sinks
Beds,durability,CF001,sinking,sagging,sagging
Bed Frames,durability,CF001,sinking,sagging,sagging
Mattresses,durability,CF001,sinking,sagging,sagging
Box Springs,durability,CF001,sinking,sagging,sagging
Sofas & Couches,durability,CF001,sinking,sagging,sagging
Mattress Toppers,durability,CF001,sinking,sagging,sagging
Beds,durability,CF001,sinking,go down,go down
Bed Frames,durability,CF001,sinking,go down,go down
Mattresses,durability,CF001,sinking,go down,go down
Box Springs,durability,CF001,sinking,go down,go down
Sofas & Couches,durability,CF001,sinking,go down,go down
Mattress Toppers,durability,CF001,sinking,go down,go down
Beds,durability,CF001,sinking,sunk,sunk
Bed Frames,durability,CF001,sinking,sunk,sunk
Mattresses,durability,CF001,sinking,sunk,sunk
Box Springs,durability,CF001,sinking,sunk,sunk
Sofas & Couches,durability,CF001,sinking,sunk,sunk
Mattress Toppers,durability,CF001,sinking,sunk,sunk
Beds,durability,CF001,sinking,subside,subside
Bed Frames,durability,CF001,sinking,subside,subside
Mattresses,durability,CF001,sinking,subside,subside
Box Springs,durability,CF001,sinking,subside,subside
Sofas & Couches,durability,CF001,sinking,subside,subside
Mattress Toppers,durability,CF001,sinking,subside,subside
Beds,durability,CF001,sinking,too sunken,too sunken
Bed Frames,durability,CF001,sinking,too sunken,too sunken
Mattresses,durability,CF001,sinking,too sunken,too sunken
Box Springs,durability,CF001,sinking,too sunken,too sunken
Sofas & Couches,durability,CF001,sinking,too sunken,too sunken
Mattress Toppers,durability,CF001,sinking,too sunken,too sunken
Beds,durability,CF001,sinking,fall apart,fall apart
Bed Frames,durability,CF001,sinking,fall apart,fall apart
Mattresses,durability,CF001,sinking,fall apart,fall apart
Box Springs,durability,CF001,sinking,fall apart,fall apart
Sofas & Couches,durability,CF001,sinking,fall apart,fall apart
Mattress Toppers,durability,CF001,sinking,fall apart,fall apart
Beds,durability,CF001,sinking,cave in,cave in
Bed Frames,durability,CF001,sinking,cave in,cave in
Mattresses,durability,CF001,sinking,cave in,cave in
Box Springs,durability,CF001,sinking,cave in,cave in
Sofas & Couches,durability,CF001,sinking,cave in,cave in
Mattress Toppers,durability,CF001,sinking,cave in,cave in
Beds,durability,CF001,sinking,sinky,sinky
Bed Frames,durability,CF001,sinking,sinky,sinky
Mattresses,durability,CF001,sinking,sinky,sinky
Box Springs,durability,CF001,sinking,sinky,sinky
Sofas & Couches,durability,CF001,sinking,sinky,sinky
Mattress Toppers,durability,CF001,sinking,sinky,sinky
Beds,durability,CF001,sinking,deteriorate,deteriorate
Bed Frames,durability,CF001,sinking,deteriorate,deteriorate
Mattresses,durability,CF001,sinking,deteriorate,deteriorate
Box Springs,durability,CF001,sinking,deteriorate,deteriorate
Sofas & Couches,durability,CF001,sinking,deteriorate,deteriorate
Mattress Toppers,durability,CF001,sinking,deteriorate,deteriorate
Beds,durability,CF001,sinking,deteriorated,deteriorated
Bed Frames,durability,CF001,sinking,deteriorated,deteriorated
Mattresses,durability,CF001,sinking,deteriorated,deteriorated
Box Springs,durability,CF001,sinking,deteriorated,deteriorated
Sofas & Couches,durability,CF001,sinking,deteriorated,deteriorated
Mattress Toppers,durability,CF001,sinking,deteriorated,deteriorated
All,customer service,CF021,replacement,exchanged,exchanged
All,customer service,CF021,replacement,exchange,exchange
All,customer service,CF021,replacement,switch,switch
All,customer service,CF021,replacement,replacements,replacement
All,customer service,CF021,replacement,replaceable,replaceable
All,customer service,CF021,replacement,substitute,substitute
All,customer service,CF021,replacement,reorder,reorder
All,customer service,CF021,replacement,replaced,replaced
All,customer service,CF021,replacement,replaces,replaces
All,customer service,CF021,replacement,alternate,alternate
All,customer service,CF021,replacement,swap,swap
All,customer service,CF021,replacement,substitution,substitution
All,customer service,CF021,replacement,replacing,replacing
All,customer service,CF021,replacement,replace,replace
All,customer error,CF020,wrong purchase,none,none
All,others,CF999,legal agreement,none,none
Beds,missing parts,CF003,parts,[NULL],[NULL]
Bed Frames,missing parts,CF003,parts,[NULL],[NULL]
Box Springs,missing parts,CF003,parts,[NULL],[NULL]
Sofas & Couches,missing parts,CF003,parts,[NULL],[NULL]
Beds,defect,CF002,slat,spline,spline
Bed Frames,defect,CF002,slat,spline,spline
Mattresses,defect,CF002,slat,spline,spline
Box Springs,defect,CF002,slat,spline,spline
Sofas & Couches,defect,CF002,slat,spline,spline
Mattress Toppers,defect,CF002,slat,spline,spline
Beds,defect,CF002,slat,slate,slate
Bed Frames,defect,CF002,slat,slate,slate
Mattresses,defect,CF002,slat,slate,slate
Box Springs,defect,CF002,slat,slate,slate
Sofas & Couches,defect,CF002,slat,slate,slate
Mattress Toppers,defect,CF002,slat,slate,slate
Beds,defect,CF002,slat,slats,slat
Bed Frames,defect,CF002,slat,slats,slat
Mattresses,defect,CF002,slat,slats,slat
Box Springs,defect,CF002,slat,slats,slat
Sofas & Couches,defect,CF002,slat,slats,slat
Mattress Toppers,defect,CF002,slat,slats,slat
Beds,defect,CF002,slat,slates,slate
Bed Frames,defect,CF002,slat,slates,slate
Mattresses,defect,CF002,slat,slates,slate
Box Springs,defect,CF002,slat,slates,slate
Sofas & Couches,defect,CF002,slat,slates,slate
Mattress Toppers,defect,CF002,slat,slates,slate
All,delivery,CF019,used item,none,none
[NULL],hard to set up,CF010,insturction,insturctions,insturction
[NULL],hard to set up,CF010,insturction,directions,direction
All,sound,CF004,popping,pops,pop
Beds,durability,CF001,slat,spline,spline
Bed Frames,durability,CF001,slat,spline,spline
Mattresses,durability,CF001,slat,spline,spline
Box Springs,durability,CF001,slat,spline,spline
Sofas & Couches,durability,CF001,slat,spline,spline
Mattress Toppers,durability,CF001,slat,spline,spline
Beds,durability,CF001,slat,slate,slate
Bed Frames,durability,CF001,slat,slate,slate
Mattresses,durability,CF001,slat,slate,slate
Box Springs,durability,CF001,slat,slate,slate
Sofas & Couches,durability,CF001,slat,slate,slate
Mattress Toppers,durability,CF001,slat,slate,slate
Beds,durability,CF001,slat,slats,slat
Bed Frames,durability,CF001,slat,slats,slat
Mattresses,durability,CF001,slat,slats,slat
Box Springs,durability,CF001,slat,slats,slat
Sofas & Couches,durability,CF001,slat,slats,slat
Mattress Toppers,durability,CF001,slat,slats,slat
Beds,durability,CF001,slat,slates,slate
Bed Frames,durability,CF001,slat,slates,slate
Mattresses,durability,CF001,slat,slates,slate
Box Springs,durability,CF001,slat,slates,slate
Sofas & Couches,durability,CF001,slat,slates,slate
Mattress Toppers,durability,CF001,slat,slates,slate
All,shipping damage,CF018,shipping damage,[NULL],[NULL]
Beds,durability,CF001,bent,bending,bending
Bed Frames,durability,CF001,bent,bending,bending
Mattresses,durability,CF001,bent,bending,bending
Box Springs,durability,CF001,bent,bending,bending
Sofas & Couches,durability,CF001,bent,bending,bending
Mattress Toppers,durability,CF001,bent,bending,bending
Beds,durability,CF001,bent,deform,deform
Bed Frames,durability,CF001,bent,deform,deform
Mattresses,durability,CF001,bent,deform,deform
Box Springs,durability,CF001,bent,deform,deform
Sofas & Couches,durability,CF001,bent,deform,deform
Mattress Toppers,durability,CF001,bent,deform,deform
Beds,durability,CF001,bent,dented,dented
Bed Frames,durability,CF001,bent,dented,dented
Mattresses,durability,CF001,bent,dented,dented
Box Springs,durability,CF001,bent,dented,dented
Sofas & Couches,durability,CF001,bent,dented,dented
Mattress Toppers,durability,CF001,bent,dented,dented
Beds,durability,CF001,bent,bend,bend
Bed Frames,durability,CF001,bent,bend,bend
Mattresses,durability,CF001,bent,bend,bend
Box Springs,durability,CF001,bent,bend,bend
Sofas & Couches,durability,CF001,bent,bend,bend
Mattress Toppers,durability,CF001,bent,bend,bend
Beds,durability,CF001,bent,crumpled,crumpled
Bed Frames,durability,CF001,bent,crumpled,crumpled
Mattresses,durability,CF001,bent,crumpled,crumpled
Box Springs,durability,CF001,bent,crumpled,crumpled
Sofas & Couches,durability,CF001,bent,crumpled,crumpled
Mattress Toppers,durability,CF001,bent,crumpled,crumpled
Beds,durability,CF001,bent,zig zag shape,zig zag shape
Bed Frames,durability,CF001,bent,zig zag shape,zig zag shape
Mattresses,durability,CF001,bent,zig zag shape,zig zag shape
Box Springs,durability,CF001,bent,zig zag shape,zig zag shape
Sofas & Couches,durability,CF001,bent,zig zag shape,zig zag shape
Mattress Toppers,durability,CF001,bent,zig zag shape,zig zag shape
Beds,durability,CF001,bent,bended,bended
Bed Frames,durability,CF001,bent,bended,bended
Mattresses,durability,CF001,bent,bended,bended
Box Springs,durability,CF001,bent,bended,bended
Sofas & Couches,durability,CF001,bent,bended,bended
Mattress Toppers,durability,CF001,bent,bended,bended
Beds,durability,CF001,bent,stoop,stoop
Bed Frames,durability,CF001,bent,stoop,stoop
Mattresses,durability,CF001,bent,stoop,stoop
Box Springs,durability,CF001,bent,stoop,stoop
Sofas & Couches,durability,CF001,bent,stoop,stoop
Mattress Toppers,durability,CF001,bent,stoop,stoop
Beds,durability,CF001,bent,twist,twist
Bed Frames,durability,CF001,bent,twist,twist
Mattresses,durability,CF001,bent,twist,twist
Box Springs,durability,CF001,bent,twist,twist
Sofas & Couches,durability,CF001,bent,twist,twist
Mattress Toppers,durability,CF001,bent,twist,twist
Beds,durability,CF001,bent,deflect,deflect
Bed Frames,durability,CF001,bent,deflect,deflect
Mattresses,durability,CF001,bent,deflect,deflect
Box Springs,durability,CF001,bent,deflect,deflect
Sofas & Couches,durability,CF001,bent,deflect,deflect
Mattress Toppers,durability,CF001,bent,deflect,deflect
Beds,durability,CF001,bent,unbend,unbend
Bed Frames,durability,CF001,bent,unbend,unbend
Mattresses,durability,CF001,bent,unbend,unbend
Box Springs,durability,CF001,bent,unbend,unbend
Sofas & Couches,durability,CF001,bent,unbend,unbend
Mattress Toppers,durability,CF001,bent,unbend,unbend
Beds,durability,CF001,bent,bends,bend
Bed Frames,durability,CF001,bent,bends,bend
Mattresses,durability,CF001,bent,bends,bend
Box Springs,durability,CF001,bent,bends,bend
Sofas & Couches,durability,CF001,bent,bends,bend
Mattress Toppers,durability,CF001,bent,bends,bend
Beds,durability,CF001,bent,so bent,so bent
Bed Frames,durability,CF001,bent,so bent,so bent
Mattresses,durability,CF001,bent,so bent,so bent
Box Springs,durability,CF001,bent,so bent,so bent
Sofas & Couches,durability,CF001,bent,so bent,so bent
Mattress Toppers,durability,CF001,bent,so bent,so bent
Beds,durability,CF001,bent,crouch,crouch
Bed Frames,durability,CF001,bent,crouch,crouch
Mattresses,durability,CF001,bent,crouch,crouch
Box Springs,durability,CF001,bent,crouch,crouch
Sofas & Couches,durability,CF001,bent,crouch,crouch
Mattress Toppers,durability,CF001,bent,crouch,crouch
Beds,durability,CF001,bent,flex,flex
Bed Frames,durability,CF001,bent,flex,flex
Mattresses,durability,CF001,bent,flex,flex
Box Springs,durability,CF001,bent,flex,flex
Sofas & Couches,durability,CF001,bent,flex,flex
Mattress Toppers,durability,CF001,bent,flex,flex
Beds,cover issue,CF006,tear,tearing,tearing
Mattresses,cover issue,CF006,tear,tearing,tearing
Box Springs,cover issue,CF006,tear,tearing,tearing
Mattress Toppers,cover issue,CF006,tear,tearing,tearing
Beds,cover issue,CF006,tear,tears,tear
Mattresses,cover issue,CF006,tear,tears,tear
Box Springs,cover issue,CF006,tear,tears,tear
Mattress Toppers,cover issue,CF006,tear,tears,tear
Beds,cover issue,CF006,tear,tore,tore
Mattresses,cover issue,CF006,tear,tore,tore
Box Springs,cover issue,CF006,tear,tore,tore
Mattress Toppers,cover issue,CF006,tear,tore,tore
Beds,cover issue,CF006,tear,too tore,too tore
Mattresses,cover issue,CF006,tear,too tore,too tore
Box Springs,cover issue,CF006,tear,too tore,too tore
Mattress Toppers,cover issue,CF006,tear,too tore,too tore
Beds,cover issue,CF006,tear,bust,bust
Mattresses,cover issue,CF006,tear,bust,bust
Box Springs,cover issue,CF006,tear,bust,bust
Mattress Toppers,cover issue,CF006,tear,bust,bust
Beds,cover issue,CF006,tear,snap,snap
Mattresses,cover issue,CF006,tear,snap,snap
Box Springs,cover issue,CF006,tear,snap,snap
Mattress Toppers,cover issue,CF006,tear,snap,snap
Beds,cover issue,CF006,tear,rupture,rupture
Mattresses,cover issue,CF006,tear,rupture,rupture
Box Springs,cover issue,CF006,tear,rupture,rupture
Mattress Toppers,cover issue,CF006,tear,rupture,rupture
Beds,cover issue,CF006,tear,very tore,very tore
Mattresses,cover issue,CF006,tear,very tore,very tore
Box Springs,cover issue,CF006,tear,very tore,very tore
Mattress Toppers,cover issue,CF006,tear,very tore,very tore
Beds,cover issue,CF006,tear,too torn,too torn
Mattresses,cover issue,CF006,tear,too torn,too torn
Box Springs,cover issue,CF006,tear,too torn,too torn
Mattress Toppers,cover issue,CF006,tear,too torn,too torn
Beds,cover issue,CF006,tear,torn,torn
Mattresses,cover issue,CF006,tear,torn,torn
Box Springs,cover issue,CF006,tear,torn,torn
Mattress Toppers,cover issue,CF006,tear,torn,torn
Beds,cover issue,CF006,tear,so torn,so torn
Mattresses,cover issue,CF006,tear,so torn,so torn
Box Springs,cover issue,CF006,tear,so torn,so torn
Mattress Toppers,cover issue,CF006,tear,so torn,so torn
Beds,cover issue,CF006,tear,so tore,so tore
Mattresses,cover issue,CF006,tear,so tore,so tore
Box Springs,cover issue,CF006,tear,so tore,so tore
Mattress Toppers,cover issue,CF006,tear,so tore,so tore
Beds,cover issue,CF006,tear,very torn,very torn
Mattresses,cover issue,CF006,tear,very torn,very torn
Box Springs,cover issue,CF006,tear,very torn,very torn
Mattress Toppers,cover issue,CF006,tear,very torn,very torn
Beds,cover issue,CF006,tear,ripped,ripped
Mattresses,cover issue,CF006,tear,ripped,ripped
Box Springs,cover issue,CF006,tear,ripped,ripped
Mattress Toppers,cover issue,CF006,tear,ripped,ripped
Beds,cover issue,CF006,tear,tares,tare
Mattresses,cover issue,CF006,tear,tares,tare
Box Springs,cover issue,CF006,tear,tares,tare
Mattress Toppers,cover issue,CF006,tear,tares,tare
All,others,CF999,allergy,allergic,allergic
All,others,CF999,allergy,allergic reaction,allergic reaction
All,others,CF999,allergy,allergiic,allergiic
All,others,CF999,allergy,allergies,allergy
Beds,durability,CF001,tear,tearing,tearing
Bed Frames,durability,CF001,tear,tearing,tearing
Mattresses,durability,CF001,tear,tearing,tearing
Box Springs,durability,CF001,tear,tearing,tearing
Sofas & Couches,durability,CF001,tear,tearing,tearing
Mattress Toppers,durability,CF001,tear,tearing,tearing
Beds,durability,CF001,tear,tears,tear
Bed Frames,durability,CF001,tear,tears,tear
Mattresses,durability,CF001,tear,tears,tear
Box Springs,durability,CF001,tear,tears,tear
Sofas & Couches,durability,CF001,tear,tears,tear
Mattress Toppers,durability,CF001,tear,tears,tear
Beds,durability,CF001,tear,tore,tore
Bed Frames,durability,CF001,tear,tore,tore
Mattresses,durability,CF001,tear,tore,tore
Box Springs,durability,CF001,tear,tore,tore
Sofas & Couches,durability,CF001,tear,tore,tore
Mattress Toppers,durability,CF001,tear,tore,tore
Beds,durability,CF001,tear,too tore,too tore
Bed Frames,durability,CF001,tear,too tore,too tore
Mattresses,durability,CF001,tear,too tore,too tore
Box Springs,durability,CF001,tear,too tore,too tore
Sofas & Couches,durability,CF001,tear,too tore,too tore
Mattress Toppers,durability,CF001,tear,too tore,too tore
Beds,durability,CF001,tear,bust,bust
Bed Frames,durability,CF001,tear,bust,bust
Mattresses,durability,CF001,tear,bust,bust
Box Springs,durability,CF001,tear,bust,bust
Sofas & Couches,durability,CF001,tear,bust,bust
Mattress Toppers,durability,CF001,tear,bust,bust
Beds,durability,CF001,tear,snap,snap
Bed Frames,durability,CF001,tear,snap,snap
Mattresses,durability,CF001,tear,snap,snap
Box Springs,durability,CF001,tear,snap,snap
Sofas & Couches,durability,CF001,tear,snap,snap
Mattress Toppers,durability,CF001,tear,snap,snap
Beds,durability,CF001,tear,rupture,rupture
Bed Frames,durability,CF001,tear,rupture,rupture
Mattresses,durability,CF001,tear,rupture,rupture
Box Springs,durability,CF001,tear,rupture,rupture
Sofas & Couches,durability,CF001,tear,rupture,rupture
Mattress Toppers,durability,CF001,tear,rupture,rupture
Beds,durability,CF001,tear,very tore,very tore
Bed Frames,durability,CF001,tear,very tore,very tore
Mattresses,durability,CF001,tear,very tore,very tore
Box Springs,durability,CF001,tear,very tore,very tore
Sofas & Couches,durability,CF001,tear,very tore,very tore
Mattress Toppers,durability,CF001,tear,very tore,very tore
Beds,durability,CF001,tear,too torn,too torn
Bed Frames,durability,CF001,tear,too torn,too torn
Mattresses,durability,CF001,tear,too torn,too torn
Box Springs,durability,CF001,tear,too torn,too torn
Sofas & Couches,durability,CF001,tear,too torn,too torn
Mattress Toppers,durability,CF001,tear,too torn,too torn
Beds,durability,CF001,tear,torn,torn
Bed Frames,durability,CF001,tear,torn,torn
Mattresses,durability,CF001,tear,torn,torn
Box Springs,durability,CF001,tear,torn,torn
Sofas & Couches,durability,CF001,tear,torn,torn
Mattress Toppers,durability,CF001,tear,torn,torn
Beds,durability,CF001,tear,so torn,so torn
Bed Frames,durability,CF001,tear,so torn,so torn
Mattresses,durability,CF001,tear,so torn,so torn
Box Springs,durability,CF001,tear,so torn,so torn
Sofas & Couches,durability,CF001,tear,so torn,so torn
Mattress Toppers,durability,CF001,tear,so torn,so torn
Beds,durability,CF001,tear,so tore,so tore
Bed Frames,durability,CF001,tear,so tore,so tore
Mattresses,durability,CF001,tear,so tore,so tore
Box Springs,durability,CF001,tear,so tore,so tore
Sofas & Couches,durability,CF001,tear,so tore,so tore
Mattress Toppers,durability,CF001,tear,so tore,so tore
Beds,durability,CF001,tear,very torn,very torn
Bed Frames,durability,CF001,tear,very torn,very torn
Mattresses,durability,CF001,tear,very torn,very torn
Box Springs,durability,CF001,tear,very torn,very torn
Sofas & Couches,durability,CF001,tear,very torn,very torn
Mattress Toppers,durability,CF001,tear,very torn,very torn
Beds,durability,CF001,tear,ripped,ripped
Bed Frames,durability,CF001,tear,ripped,ripped
Mattresses,durability,CF001,tear,ripped,ripped
Box Springs,durability,CF001,tear,ripped,ripped
Sofas & Couches,durability,CF001,tear,ripped,ripped
Mattress Toppers,durability,CF001,tear,ripped,ripped
Beds,durability,CF001,tear,tares,tare
Bed Frames,durability,CF001,tear,tares,tare
Mattresses,durability,CF001,tear,tares,tare
Box Springs,durability,CF001,tear,tares,tare
Sofas & Couches,durability,CF001,tear,tares,tare
Mattress Toppers,durability,CF001,tear,tares,tare
All,delivery,CF019,wrong item,none,none
All,others,CF999,processing,procedure,procedure
All,others,CF999,processing,processed,processed
All,others,CF999,processing,action,action
All,others,CF999,processing,process,process
Bed Frames,structure design,CF022,fabric,none,none
Mattress Toppers,structure design,CF022,fabric,none,none
All,customer service,CF021,amazon,amz,amzon
All,customer service,CF021,amazon,contacted amz,contact amz
All,customer service,CF021,amazon,contacted amazon,contact amazon
Beds,cover issue,CF006,bending,none,none
Mattresses,cover issue,CF006,bending,none,none
Box Springs,cover issue,CF006,bending,none,none
Mattress Toppers,cover issue,CF006,bending,none,none
Mattresses,fiberglass,CF007,unzip,none,none
Box Springs,fiberglass,CF007,unzip,none,none
Mattress Toppers,fiberglass,CF007,unzip,none,none
Beds,cover issue,CF006,facbric,none,none
Mattresses,cover issue,CF006,facbric,none,none
Box Springs,cover issue,CF006,facbric,none,none
Mattress Toppers,cover issue,CF006,facbric,none,none
Bed Frames,uncomfortable,CF014,pain,too hurt,too hurt
Mattresses,uncomfortable,CF014,pain,too hurt,too hurt
Box Springs,uncomfortable,CF014,pain,too hurt,too hurt
Mattress Toppers,uncomfortable,CF014,pain,too hurt,too hurt
Bed Frames,uncomfortable,CF014,pain,hurts,hurt
Mattresses,uncomfortable,CF014,pain,hurts,hurt
Box Springs,uncomfortable,CF014,pain,hurts,hurt
Mattress Toppers,uncomfortable,CF014,pain,hurts,hurt
Bed Frames,uncomfortable,CF014,pain,aches,ache
Mattresses,uncomfortable,CF014,pain,aches,ache
Box Springs,uncomfortable,CF014,pain,aches,ache
Mattress Toppers,uncomfortable,CF014,pain,aches,ache
Bed Frames,uncomfortable,CF014,pain,pained,pained
Mattresses,uncomfortable,CF014,pain,pained,pained
Box Springs,uncomfortable,CF014,pain,pained,pained
Mattress Toppers,uncomfortable,CF014,pain,pained,pained
Bed Frames,uncomfortable,CF014,pain,achey,achey
Mattresses,uncomfortable,CF014,pain,achey,achey
Box Springs,uncomfortable,CF014,pain,achey,achey
Mattress Toppers,uncomfortable,CF014,pain,achey,achey
Bed Frames,uncomfortable,CF014,pain,back hurt,back hurt
Mattresses,uncomfortable,CF014,pain,back hurt,back hurt
Box Springs,uncomfortable,CF014,pain,back hurt,back hurt
Mattress Toppers,uncomfortable,CF014,pain,back hurt,back hurt
Bed Frames,uncomfortable,CF014,pain,very itchy,very itchy
Mattresses,uncomfortable,CF014,pain,very itchy,very itchy
Box Springs,uncomfortable,CF014,pain,very itchy,very itchy
Mattress Toppers,uncomfortable,CF014,pain,very itchy,very itchy
Bed Frames,uncomfortable,CF014,pain,injured,injured
Mattresses,uncomfortable,CF014,pain,injured,injured
Box Springs,uncomfortable,CF014,pain,injured,injured
Mattress Toppers,uncomfortable,CF014,pain,injured,injured
Bed Frames,uncomfortable,CF014,pain,hurt,hurt
Mattresses,uncomfortable,CF014,pain,hurt,hurt
Box Springs,uncomfortable,CF014,pain,hurt,hurt
Mattress Toppers,uncomfortable,CF014,pain,hurt,hurt
Bed Frames,uncomfortable,CF014,pain,backpain,backpain
Mattresses,uncomfortable,CF014,pain,backpain,backpain
Box Springs,uncomfortable,CF014,pain,backpain,backpain
Mattress Toppers,uncomfortable,CF014,pain,backpain,backpain
Bed Frames,uncomfortable,CF014,pain,very ill,very ill
Mattresses,uncomfortable,CF014,pain,very ill,very ill
Box Springs,uncomfortable,CF014,pain,very ill,very ill
Mattress Toppers,uncomfortable,CF014,pain,very ill,very ill
Bed Frames,uncomfortable,CF014,pain,too itchy,too itchy
Mattresses,uncomfortable,CF014,pain,too itchy,too itchy
Box Springs,uncomfortable,CF014,pain,too itchy,too itchy
Mattress Toppers,uncomfortable,CF014,pain,too itchy,too itchy
Bed Frames,uncomfortable,CF014,pain,very painful,very painful
Mattresses,uncomfortable,CF014,pain,very painful,very painful
Box Springs,uncomfortable,CF014,pain,very painful,very painful
Mattress Toppers,uncomfortable,CF014,pain,very painful,very painful
Bed Frames,uncomfortable,CF014,pain,so pain,so pain
Mattresses,uncomfortable,CF014,pain,so pain,so pain
Box Springs,uncomfortable,CF014,pain,so pain,so pain
Mattress Toppers,uncomfortable,CF014,pain,so pain,so pain
Bed Frames,uncomfortable,CF014,pain,injury,injury
Mattresses,uncomfortable,CF014,pain,injury,injury
Box Springs,uncomfortable,CF014,pain,injury,injury
Mattress Toppers,uncomfortable,CF014,pain,injury,injury
Bed Frames,uncomfortable,CF014,pain,painful,painful
Mattresses,uncomfortable,CF014,pain,painful,painful
Box Springs,uncomfortable,CF014,pain,painful,painful
Mattress Toppers,uncomfortable,CF014,pain,painful,painful
Bed Frames,uncomfortable,CF014,pain,injuries,injury
Mattresses,uncomfortable,CF014,pain,injuries,injury
Box Springs,uncomfortable,CF014,pain,injuries,injury
Mattress Toppers,uncomfortable,CF014,pain,injuries,injury
Bed Frames,uncomfortable,CF014,pain,suffer,suffer
Mattresses,uncomfortable,CF014,pain,suffer,suffer
Box Springs,uncomfortable,CF014,pain,suffer,suffer
Mattress Toppers,uncomfortable,CF014,pain,suffer,suffer
Bed Frames,uncomfortable,CF014,pain,back problems,back problems
Mattresses,uncomfortable,CF014,pain,back problems,back problems
Box Springs,uncomfortable,CF014,pain,back problems,back problems
Mattress Toppers,uncomfortable,CF014,pain,back problems,back problems
Bed Frames,uncomfortable,CF014,pain,painful sensation,painful sensation
Mattresses,uncomfortable,CF014,pain,painful sensation,painful sensation
Box Springs,uncomfortable,CF014,pain,painful sensation,painful sensation
Mattress Toppers,uncomfortable,CF014,pain,painful sensation,painful sensation
Bed Frames,uncomfortable,CF014,pain,so sore,so sore
Mattresses,uncomfortable,CF014,pain,so sore,so sore
Box Springs,uncomfortable,CF014,pain,so sore,so sore
Mattress Toppers,uncomfortable,CF014,pain,so sore,so sore
Bed Frames,uncomfortable,CF014,pain,aching,aching
Mattresses,uncomfortable,CF014,pain,aching,aching
Box Springs,uncomfortable,CF014,pain,aching,aching
Mattress Toppers,uncomfortable,CF014,pain,aching,aching
Bed Frames,uncomfortable,CF014,pain,so itchy,so itchy
Mattresses,uncomfortable,CF014,pain,so itchy,so itchy
Box Springs,uncomfortable,CF014,pain,so itchy,so itchy
Mattress Toppers,uncomfortable,CF014,pain,so itchy,so itchy
Bed Frames,uncomfortable,CF014,pain,very hurt,very hurt
Mattresses,uncomfortable,CF014,pain,very hurt,very hurt
Box Springs,uncomfortable,CF014,pain,very hurt,very hurt
Mattress Toppers,uncomfortable,CF014,pain,very hurt,very hurt
Bed Frames,uncomfortable,CF014,pain,ache,ache
Mattresses,uncomfortable,CF014,pain,ache,ache
Box Springs,uncomfortable,CF014,pain,ache,ache
Mattress Toppers,uncomfortable,CF014,pain,ache,ache
Bed Frames,uncomfortable,CF014,pain,very sore,very sore
Mattresses,uncomfortable,CF014,pain,very sore,very sore
Box Springs,uncomfortable,CF014,pain,very sore,very sore
Mattress Toppers,uncomfortable,CF014,pain,very sore,very sore
Bed Frames,uncomfortable,CF014,pain,sores,sore
Mattresses,uncomfortable,CF014,pain,sores,sore
Box Springs,uncomfortable,CF014,pain,sores,sore
Mattress Toppers,uncomfortable,CF014,pain,sores,sore
Bed Frames,uncomfortable,CF014,pain,pain sensation,pain sensation
Mattresses,uncomfortable,CF014,pain,pain sensation,pain sensation
Box Springs,uncomfortable,CF014,pain,pain sensation,pain sensation
Mattress Toppers,uncomfortable,CF014,pain,pain sensation,pain sensation
Bed Frames,uncomfortable,CF014,pain,break a bone,break a bone
Mattresses,uncomfortable,CF014,pain,break a bone,break a bone
Box Springs,uncomfortable,CF014,pain,break a bone,break a bone
Mattress Toppers,uncomfortable,CF014,pain,break a bone,break a bone
Bed Frames,uncomfortable,CF014,pain,paining,paining
Mattresses,uncomfortable,CF014,pain,paining,paining
Box Springs,uncomfortable,CF014,pain,paining,paining
Mattress Toppers,uncomfortable,CF014,pain,paining,paining
Bed Frames,uncomfortable,CF014,pain,back hurts,back hurts
Mattresses,uncomfortable,CF014,pain,back hurts,back hurts
Box Springs,uncomfortable,CF014,pain,back hurts,back hurts
Mattress Toppers,uncomfortable,CF014,pain,back hurts,back hurts
Bed Frames,uncomfortable,CF014,pain,so hurt,so hurt
Mattresses,uncomfortable,CF014,pain,so hurt,so hurt
Box Springs,uncomfortable,CF014,pain,so hurt,so hurt
Mattress Toppers,uncomfortable,CF014,pain,so hurt,so hurt
Bed Frames,uncomfortable,CF014,pain,serious pain,serious pain
Mattresses,uncomfortable,CF014,pain,serious pain,serious pain
Box Springs,uncomfortable,CF014,pain,serious pain,serious pain
Mattress Toppers,uncomfortable,CF014,pain,serious pain,serious pain
Bed Frames,uncomfortable,CF014,pain,agonizing,agonizing
Mattresses,uncomfortable,CF014,pain,agonizing,agonizing
Box Springs,uncomfortable,CF014,pain,agonizing,agonizing
Mattress Toppers,uncomfortable,CF014,pain,agonizing,agonizing
Bed Frames,uncomfortable,CF014,pain,sore,sore
Mattresses,uncomfortable,CF014,pain,sore,sore
Box Springs,uncomfortable,CF014,pain,sore,sore
Mattress Toppers,uncomfortable,CF014,pain,sore,sore
Bed Frames,uncomfortable,CF014,pain,pains,pain
Mattresses,uncomfortable,CF014,pain,pains,pain
Box Springs,uncomfortable,CF014,pain,pains,pain
Mattress Toppers,uncomfortable,CF014,pain,pains,pain
Bed Frames,uncomfortable,CF014,pain,hurting,hurting
Mattresses,uncomfortable,CF014,pain,hurting,hurting
Box Springs,uncomfortable,CF014,pain,hurting,hurting
Mattress Toppers,uncomfortable,CF014,pain,hurting,hurting
Bed Frames,uncomfortable,CF014,pain,painfulness,painfulness
Mattresses,uncomfortable,CF014,pain,painfulness,painfulness
Box Springs,uncomfortable,CF014,pain,painfulness,painfulness
Mattress Toppers,uncomfortable,CF014,pain,painfulness,painfulness
Bed Frames,uncomfortable,CF014,pain,so painful,so painful
Mattresses,uncomfortable,CF014,pain,so painful,so painful
Box Springs,uncomfortable,CF014,pain,so painful,so painful
Mattress Toppers,uncomfortable,CF014,pain,so painful,so painful
Bed Frames,uncomfortable,CF014,pain,neck pain,neck pain
Mattresses,uncomfortable,CF014,pain,neck pain,neck pain
Box Springs,uncomfortable,CF014,pain,neck pain,neck pain
Mattress Toppers,uncomfortable,CF014,pain,neck pain,neck pain
Bed Frames,uncomfortable,CF014,pain,so sick,so sick
Mattresses,uncomfortable,CF014,pain,so sick,so sick
Box Springs,uncomfortable,CF014,pain,so sick,so sick
Mattress Toppers,uncomfortable,CF014,pain,so sick,so sick
Bed Frames,uncomfortable,CF014,pain,back pain,back pain
Mattresses,uncomfortable,CF014,pain,back pain,back pain
Box Springs,uncomfortable,CF014,pain,back pain,back pain
Mattress Toppers,uncomfortable,CF014,pain,back pain,back pain
Bed Frames,uncomfortable,CF014,pain,ached,ached
Mattresses,uncomfortable,CF014,pain,ached,ached
Box Springs,uncomfortable,CF014,pain,ached,ached
Mattress Toppers,uncomfortable,CF014,pain,ached,ached
Bed Frames,uncomfortable,CF014,pain,agony,agony
Mattresses,uncomfortable,CF014,pain,agony,agony
Box Springs,uncomfortable,CF014,pain,agony,agony
Mattress Toppers,uncomfortable,CF014,pain,agony,agony
Bed Frames,uncomfortable,CF014,pain,achy,achy
Mattresses,uncomfortable,CF014,pain,achy,achy
Box Springs,uncomfortable,CF014,pain,achy,achy
Mattress Toppers,uncomfortable,CF014,pain,achy,achy
Beds,defect,CF002,finish,finis,finis
Bed Frames,defect,CF002,finish,finis,finis
Mattresses,defect,CF002,finish,finis,finis
Box Springs,defect,CF002,finish,finis,finis
Sofas & Couches,defect,CF002,finish,finis,finis
Mattress Toppers,defect,CF002,finish,finis,finis
Beds,defect,CF002,finish,refinement,refinement
Bed Frames,defect,CF002,finish,refinement,refinement
Mattresses,defect,CF002,finish,refinement,refinement
Box Springs,defect,CF002,finish,refinement,refinement
Sofas & Couches,defect,CF002,finish,refinement,refinement
Mattress Toppers,defect,CF002,finish,refinement,refinement
Beds,defect,CF002,finish,unfinished,unfinished
Bed Frames,defect,CF002,finish,unfinished,unfinished
Mattresses,defect,CF002,finish,unfinished,unfinished
Box Springs,defect,CF002,finish,unfinished,unfinished
Sofas & Couches,defect,CF002,finish,unfinished,unfinished
Mattress Toppers,defect,CF002,finish,unfinished,unfinished
Beds,defect,CF002,finish,terminate,terminate
Bed Frames,defect,CF002,finish,terminate,terminate
Mattresses,defect,CF002,finish,terminate,terminate
Box Springs,defect,CF002,finish,terminate,terminate
Sofas & Couches,defect,CF002,finish,terminate,terminate
Mattress Toppers,defect,CF002,finish,terminate,terminate
Beds,defect,CF002,finish,finishes,finish
Bed Frames,defect,CF002,finish,finishes,finish
Mattresses,defect,CF002,finish,finishes,finish
Box Springs,defect,CF002,finish,finishes,finish
Sofas & Couches,defect,CF002,finish,finishes,finish
Mattress Toppers,defect,CF002,finish,finishes,finish
Beds,defect,CF002,finish,finished,finished
Bed Frames,defect,CF002,finish,finished,finished
Mattresses,defect,CF002,finish,finished,finished
Box Springs,defect,CF002,finish,finished,finished
Sofas & Couches,defect,CF002,finish,finished,finished
Mattress Toppers,defect,CF002,finish,finished,finished
Beds,defect,CF002,finish,finishing,finishing
Bed Frames,defect,CF002,finish,finishing,finishing
Mattresses,defect,CF002,finish,finishing,finishing
Box Springs,defect,CF002,finish,finishing,finishing
Sofas & Couches,defect,CF002,finish,finishing,finishing
Mattress Toppers,defect,CF002,finish,finishing,finishing
Beds,size issue,CF008,long,too tall,too tall
Bed Frames,size issue,CF008,long,too tall,too tall
Mattresses,size issue,CF008,long,too tall,too tall
Box Springs,size issue,CF008,long,too tall,too tall
Sofas & Couches,size issue,CF008,long,too tall,too tall
Mattress Toppers,size issue,CF008,long,too tall,too tall
Beds,size issue,CF008,long,too long ,too long 
Bed Frames,size issue,CF008,long,too long ,too long 
Mattresses,size issue,CF008,long,too long ,too long 
Box Springs,size issue,CF008,long,too long ,too long 
Sofas & Couches,size issue,CF008,long,too long ,too long 
Mattress Toppers,size issue,CF008,long,too long ,too long 
Beds,size issue,CF008,long,very tall,very tall
Bed Frames,size issue,CF008,long,very tall,very tall
Mattresses,size issue,CF008,long,very tall,very tall
Box Springs,size issue,CF008,long,very tall,very tall
Sofas & Couches,size issue,CF008,long,very tall,very tall
Mattress Toppers,size issue,CF008,long,very tall,very tall
Beds,size issue,CF008,long,so long,so long
Bed Frames,size issue,CF008,long,so long,so long
Mattresses,size issue,CF008,long,so long,so long
Box Springs,size issue,CF008,long,so long,so long
Sofas & Couches,size issue,CF008,long,so long,so long
Mattress Toppers,size issue,CF008,long,so long,so long
Beds,size issue,CF008,long,very long,very long
Bed Frames,size issue,CF008,long,very long,very long
Mattresses,size issue,CF008,long,very long,very long
Box Springs,size issue,CF008,long,very long,very long
Sofas & Couches,size issue,CF008,long,very long,very long
Mattress Toppers,size issue,CF008,long,very long,very long
All,customer service,CF021,low response,[NULL],[NULL]
Beds,recovery,CF011,height,tallness,tallness
Bed Frames,recovery,CF011,height,tallness,tallness
Mattresses,recovery,CF011,height,tallness,tallness
Box Springs,recovery,CF011,height,tallness,tallness
Sofas & Couches,recovery,CF011,height,tallness,tallness
Mattress Toppers,recovery,CF011,height,tallness,tallness
Beds,recovery,CF011,height,stature,stature
Bed Frames,recovery,CF011,height,stature,stature
Mattresses,recovery,CF011,height,stature,stature
Box Springs,recovery,CF011,height,stature,stature
Sofas & Couches,recovery,CF011,height,stature,stature
Mattress Toppers,recovery,CF011,height,stature,stature
All,customer service,CF021,no response,low responses,low response
All,customer service,CF021,no response,low response,low response
All,customer service,CF021,no response,no answers,no answer
Beds,defect,CF002,wrong part,none,none
Bed Frames,defect,CF002,wrong part,none,none
Mattresses,defect,CF002,wrong part,none,none
Box Springs,defect,CF002,wrong part,none,none
Sofas & Couches,defect,CF002,wrong part,none,none
Mattress Toppers,defect,CF002,wrong part,none,none
[NULL],springs felt,CF016,spring,feel the springs,feel the spring
[NULL],springs felt,CF016,spring,feel springs,feel spring
Bed Frames,uncomfortable,CF014,gap between slat,gaps between slats,gaps between slats
Mattresses,uncomfortable,CF014,gap between slat,gaps between slats,gaps between slats
Box Springs,uncomfortable,CF014,gap between slat,gaps between slats,gaps between slats
Mattress Toppers,uncomfortable,CF014,gap between slat,gaps between slats,gaps between slats
Bed Frames,uncomfortable,CF014,gap between slat,gap between slats,none
Mattresses,uncomfortable,CF014,gap between slat,gap between slats,none
Box Springs,uncomfortable,CF014,gap between slat,gap between slats,none
Mattress Toppers,uncomfortable,CF014,gap between slat,gap between slats,none
Beds,durability,CF001,skirt,skirts,skirt
Bed Frames,durability,CF001,skirt,skirts,skirt
Mattresses,durability,CF001,skirt,skirts,skirt
Box Springs,durability,CF001,skirt,skirts,skirt
Sofas & Couches,durability,CF001,skirt,skirts,skirt
Mattress Toppers,durability,CF001,skirt,skirts,skirt
Beds,durability,CF001,skirt,bedskirt,bedskirt
Bed Frames,durability,CF001,skirt,bedskirt,bedskirt
Mattresses,durability,CF001,skirt,bedskirt,bedskirt
Box Springs,durability,CF001,skirt,bedskirt,bedskirt
Sofas & Couches,durability,CF001,skirt,bedskirt,bedskirt
Mattress Toppers,durability,CF001,skirt,bedskirt,bedskirt
Beds,recovery,CF011,width,none,none
Bed Frames,recovery,CF011,width,none,none
Mattresses,recovery,CF011,width,none,none
Box Springs,recovery,CF011,width,none,none
Sofas & Couches,recovery,CF011,width,none,none
Mattress Toppers,recovery,CF011,width,none,none
Bed Frames,structure design,CF022,gaps between slats,none,none
Mattress Toppers,structure design,CF022,gaps between slats,none,none
Beds,cover issue,CF006,durability,stability,stability
Mattresses,cover issue,CF006,durability,stability,stability
Box Springs,cover issue,CF006,durability,stability,stability
Mattress Toppers,cover issue,CF006,durability,stability,stability
Beds,cover issue,CF006,durability,lastingness,lastingness
Mattresses,cover issue,CF006,durability,lastingness,lastingness
Box Springs,cover issue,CF006,durability,lastingness,lastingness
Mattress Toppers,cover issue,CF006,durability,lastingness,lastingness
Beds,cover issue,CF006,durability,durable,durable
Mattresses,cover issue,CF006,durability,durable,durable
Box Springs,cover issue,CF006,durability,durable,durable
Mattress Toppers,cover issue,CF006,durability,durable,durable
Beds,cover issue,CF006,durability,enduringness,enduringness
Mattresses,cover issue,CF006,durability,enduringness,enduringness
Box Springs,cover issue,CF006,durability,enduringness,enduringness
Mattress Toppers,cover issue,CF006,durability,enduringness,enduringness
Beds,cover issue,CF006,durability,strength,strength
Mattresses,cover issue,CF006,durability,strength,strength
Box Springs,cover issue,CF006,durability,strength,strength
Mattress Toppers,cover issue,CF006,durability,strength,strength
Beds,cover issue,CF006,durability,consistency,consistency
Mattresses,cover issue,CF006,durability,consistency,consistency
Box Springs,cover issue,CF006,durability,consistency,consistency
Mattress Toppers,cover issue,CF006,durability,consistency,consistency
Beds,recovery,CF011,manufacture date,none,none
Bed Frames,recovery,CF011,manufacture date,none,none
Mattresses,recovery,CF011,manufacture date,none,none
Box Springs,recovery,CF011,manufacture date,none,none
Sofas & Couches,recovery,CF011,manufacture date,none,none
Mattress Toppers,recovery,CF011,manufacture date,none,none
Mattresses,fiberglass,CF007,durability,stability,stability
Box Springs,fiberglass,CF007,durability,stability,stability
Mattress Toppers,fiberglass,CF007,durability,stability,stability
Mattresses,fiberglass,CF007,durability,lastingness,lastingness
Box Springs,fiberglass,CF007,durability,lastingness,lastingness
Mattress Toppers,fiberglass,CF007,durability,lastingness,lastingness
Mattresses,fiberglass,CF007,durability,durable,durable
Box Springs,fiberglass,CF007,durability,durable,durable
Mattress Toppers,fiberglass,CF007,durability,durable,durable
Mattresses,fiberglass,CF007,durability,enduringness,enduringness
Box Springs,fiberglass,CF007,durability,enduringness,enduringness
Mattress Toppers,fiberglass,CF007,durability,enduringness,enduringness
Mattresses,fiberglass,CF007,durability,strength,strength
Box Springs,fiberglass,CF007,durability,strength,strength
Mattress Toppers,fiberglass,CF007,durability,strength,strength
Mattresses,fiberglass,CF007,durability,consistency,consistency
Box Springs,fiberglass,CF007,durability,consistency,consistency
Mattress Toppers,fiberglass,CF007,durability,consistency,consistency
All,customer service,CF021,warranty,warrenty,warrenty
All,customer service,CF021,warranty,guaranty,guaranty
All,customer service,CF021,warranty,guarantee,guarantee
All,customer service,CF021,warranty,verification,verification
All,customer service,CF021,warranty,warrant,warrant
All,customer service,CF021,warranty,qualify,qualify
All,customer service,CF021,warranty,certificate,certificate
All,customer service,CF021,warranty,warranties,warranty
All,customer service,CF021,warranty,warranted,warranted
All,customer service,CF021,warranty,warrantee,warrantee
Beds,defect,CF002,headboard,headboards,headboard
Bed Frames,defect,CF002,headboard,headboards,headboard
Mattresses,defect,CF002,headboard,headboards,headboard
Box Springs,defect,CF002,headboard,headboards,headboard
Sofas & Couches,defect,CF002,headboard,headboards,headboard
Mattress Toppers,defect,CF002,headboard,headboards,headboard
Beds,defect,CF002,headboard,boards,board
Bed Frames,defect,CF002,headboard,boards,board
Mattresses,defect,CF002,headboard,boards,board
Box Springs,defect,CF002,headboard,boards,board
Sofas & Couches,defect,CF002,headboard,boards,board
Mattress Toppers,defect,CF002,headboard,boards,board
Beds,defect,CF002,headboard,hb,hb
Bed Frames,defect,CF002,headboard,hb,hb
Mattresses,defect,CF002,headboard,hb,hb
Box Springs,defect,CF002,headboard,hb,hb
Sofas & Couches,defect,CF002,headboard,hb,hb
Mattress Toppers,defect,CF002,headboard,hb,hb
Beds,defect,CF002,headboard,board,board
Bed Frames,defect,CF002,headboard,board,board
Mattresses,defect,CF002,headboard,board,board
Box Springs,defect,CF002,headboard,board,board
Sofas & Couches,defect,CF002,headboard,board,board
Mattress Toppers,defect,CF002,headboard,board,board
Beds,defect,CF002,headboard,backboard,backboard
Bed Frames,defect,CF002,headboard,backboard,backboard
Mattresses,defect,CF002,headboard,backboard,backboard
Box Springs,defect,CF002,headboard,backboard,backboard
Sofas & Couches,defect,CF002,headboard,backboard,backboard
Mattress Toppers,defect,CF002,headboard,backboard,backboard
Beds,defect,CF002,headboard,headbord,headbord
Bed Frames,defect,CF002,headboard,headbord,headbord
Mattresses,defect,CF002,headboard,headbord,headbord
Box Springs,defect,CF002,headboard,headbord,headbord
Sofas & Couches,defect,CF002,headboard,headbord,headbord
Mattress Toppers,defect,CF002,headboard,headbord,headbord
Beds,size issue,CF008,headboard,headboards,headboard
Bed Frames,size issue,CF008,headboard,headboards,headboard
Mattresses,size issue,CF008,headboard,headboards,headboard
Box Springs,size issue,CF008,headboard,headboards,headboard
Sofas & Couches,size issue,CF008,headboard,headboards,headboard
Mattress Toppers,size issue,CF008,headboard,headboards,headboard
Beds,size issue,CF008,headboard,boards,board
Bed Frames,size issue,CF008,headboard,boards,board
Mattresses,size issue,CF008,headboard,boards,board
Box Springs,size issue,CF008,headboard,boards,board
Sofas & Couches,size issue,CF008,headboard,boards,board
Mattress Toppers,size issue,CF008,headboard,boards,board
Beds,size issue,CF008,headboard,hb,hb
Bed Frames,size issue,CF008,headboard,hb,hb
Mattresses,size issue,CF008,headboard,hb,hb
Box Springs,size issue,CF008,headboard,hb,hb
Sofas & Couches,size issue,CF008,headboard,hb,hb
Mattress Toppers,size issue,CF008,headboard,hb,hb
Beds,size issue,CF008,headboard,board,board
Bed Frames,size issue,CF008,headboard,board,board
Mattresses,size issue,CF008,headboard,board,board
Box Springs,size issue,CF008,headboard,board,board
Sofas & Couches,size issue,CF008,headboard,board,board
Mattress Toppers,size issue,CF008,headboard,board,board
Beds,size issue,CF008,headboard,backboard,backboard
Bed Frames,size issue,CF008,headboard,backboard,backboard
Mattresses,size issue,CF008,headboard,backboard,backboard
Box Springs,size issue,CF008,headboard,backboard,backboard
Sofas & Couches,size issue,CF008,headboard,backboard,backboard
Mattress Toppers,size issue,CF008,headboard,backboard,backboard
Beds,size issue,CF008,headboard,headbord,headbord
Bed Frames,size issue,CF008,headboard,headbord,headbord
Mattresses,size issue,CF008,headboard,headbord,headbord
Box Springs,size issue,CF008,headboard,headbord,headbord
Sofas & Couches,size issue,CF008,headboard,headbord,headbord
Mattress Toppers,size issue,CF008,headboard,headbord,headbord
All,shipping damage,CF018,headboard,headboards,headboard
All,shipping damage,CF018,headboard,boards,board
All,shipping damage,CF018,headboard,hb,hb
All,shipping damage,CF018,headboard,board,board
All,shipping damage,CF018,headboard,backboard,backboard
All,shipping damage,CF018,headboard,headbord,headbord
Bed Frames,uncomfortable,CF014,inconvenient,extremely uncomfortable,extremely uncomfortable
Mattresses,uncomfortable,CF014,inconvenient,extremely uncomfortable,extremely uncomfortable
Box Springs,uncomfortable,CF014,inconvenient,extremely uncomfortable,extremely uncomfortable
Mattress Toppers,uncomfortable,CF014,inconvenient,extremely uncomfortable,extremely uncomfortable
Bed Frames,uncomfortable,CF014,inconvenient,extremely bouncy,extremely bouncy
Mattresses,uncomfortable,CF014,inconvenient,extremely bouncy,extremely bouncy
Box Springs,uncomfortable,CF014,inconvenient,extremely bouncy,extremely bouncy
Mattress Toppers,uncomfortable,CF014,inconvenient,extremely bouncy,extremely bouncy
Bed Frames,uncomfortable,CF014,inconvenient,extremely inconvenient,extremely inconvenient
Mattresses,uncomfortable,CF014,inconvenient,extremely inconvenient,extremely inconvenient
Box Springs,uncomfortable,CF014,inconvenient,extremely inconvenient,extremely inconvenient
Mattress Toppers,uncomfortable,CF014,inconvenient,extremely inconvenient,extremely inconvenient
Bed Frames,uncomfortable,CF014,inconvenient,too inconvenient,too inconvenient
Mattresses,uncomfortable,CF014,inconvenient,too inconvenient,too inconvenient
Box Springs,uncomfortable,CF014,inconvenient,too inconvenient,too inconvenient
Mattress Toppers,uncomfortable,CF014,inconvenient,too inconvenient,too inconvenient
Bed Frames,uncomfortable,CF014,inconvenient,extremly uncomfortable,extremely uncomfortable
Mattresses,uncomfortable,CF014,inconvenient,extremly uncomfortable,extremely uncomfortable
Box Springs,uncomfortable,CF014,inconvenient,extremly uncomfortable,extremely uncomfortable
Mattress Toppers,uncomfortable,CF014,inconvenient,extremly uncomfortable,extremely uncomfortable
Bed Frames,uncomfortable,CF014,inconvenient,discomport,discomport
Mattresses,uncomfortable,CF014,inconvenient,discomport,discomport
Box Springs,uncomfortable,CF014,inconvenient,discomport,discomport
Mattress Toppers,uncomfortable,CF014,inconvenient,discomport,discomport
Bed Frames,uncomfortable,CF014,inconvenient,low comport,low comport
Mattresses,uncomfortable,CF014,inconvenient,low comport,low comport
Box Springs,uncomfortable,CF014,inconvenient,low comport,low comport
Mattress Toppers,uncomfortable,CF014,inconvenient,low comport,low comport
Bed Frames,uncomfortable,CF014,inconvenient,any comfort,any comfort
Mattresses,uncomfortable,CF014,inconvenient,any comfort,any comfort
